{
    "topic_diversity": 0.9125364431486881,
    "topic_coverage": 0.10097719869706841
}